"Rk","Player","Pos","G","Cmp","Att","Cmp.","Yds","TD","TD.","Int","Int.","Y.A","AY.A","Y.C","Y.G","Rate","Awards","Team","Year"
1,"Haaziq Daniels","QB",13,40,83,48.2,836,7,8.4,2,2.4,10.1,10.67,20.9,64.3,155.8,NA,"air-force",2022
2,"Ben Brittain","QB",5,1,2,50,80,1,50,0,0,40,50,80,16,551,NA,"air-force",2022
3,"Jensen Jones","QB",7,0,1,0,0,0,0,0,0,0,0,NA,0,0,NA,"air-force",2022
1,"Demarcus Irons Jr.","QB",10,253,379,66.8,2606,10,2.6,7,1.8,6.9,6.57,10.3,260.6,129.5,NA,"akron",2022
2,"Jeff Undercuffler","QB",7,70,120,58.3,791,5,4.2,5,4.2,6.6,5.55,11.3,113,119.1,NA,"akron",2022
3,"Ryan Jankowski","QB",2,0,1,0,0,0,0,0,0,0,0,NA,0,0,NA,"akron",2022
1,"Dylan Hopkins","QB",11,136,215,63.3,1913,10,4.7,4,1.9,8.9,8.99,14.1,173.9,149.6,NA,"alabama-birmingham",2022
2,"Jacob Zeno","QB",9,58,102,56.9,721,5,4.9,3,2.9,7.1,6.73,12.4,80.1,126.5,NA,"alabama-birmingham",2022
3,"Ryan Davis","WR",5,0,1,0,0,0,0,0,0,0,0,NA,0,0,NA,"alabama-birmingham",2022
1,"Bryce Young","QB",12,245,380,64.5,3328,32,8.4,5,1.3,8.8,9.85,13.6,277.3,163.2,"H-6","alabama",2022
2,"Jalen Milroe","QB",8,31,53,58.5,297,5,9.4,3,5.7,5.6,4.94,9.6,37.1,125.4,"","alabama",2022
3,"Ty Simpson","QB",4,4,5,80,35,0,0,0,0,7,7,8.8,8.8,138.8,"","alabama",2022
1,"Chase Brice","QB",12,219,349,62.8,2921,27,7.7,6,1.7,8.4,9.14,13.3,243.4,155.1,NA,"appalachian-state",2022
2,"Ryan Burger","QB",1,4,6,66.7,40,0,0,0,0,6.7,6.67,10,40,122.7,NA,"appalachian-state",2022
3,"Brady McBride","QB",1,2,3,66.7,33,0,0,0,0,11,11,16.5,33,159.1,NA,"appalachian-state",2022
4,"Dashaun Davis","WR",12,1,1,100,17,1,100,0,0,17,37,17,1.4,572.8,NA,"appalachian-state",2022
1,"Emory Jones","QB",8,125,199,62.8,1533,7,3.5,4,2,7.7,7.5,12.3,191.6,135.1,NA,"arizona-state",2022
2,"Trenton Bourguet","QB",7,145,203,71.4,1490,11,5.4,5,2.5,7.3,7.32,10.3,212.9,146,NA,"arizona-state",2022
1,"Jayden De Laura","QB",12,272,435,62.5,3685,25,5.7,13,3,8.5,8.28,13.5,307.1,146.7,NA,"arizona",2022
2,"Noah Fifita","QB",3,9,19,47.4,128,1,5.3,0,0,6.7,7.79,14.2,42.7,121.3,NA,"arizona",2022
3,"Tetairoa McMillan","WR",12,2,2,100,8,0,0,0,0,4,4,4,0.7,133.6,NA,"arizona",2022
4,"Jamarye Joiner","WR",5,0,1,0,0,0,0,0,0,0,0,NA,0,0,NA,"arizona",2022
1,"James Blackman","QB",11,223,347,64.3,2471,14,4,3,0.9,7.1,7.54,11.1,224.6,135.7,NA,"arkansas-state",2022
2,"AJ Mayer","QB",9,19,39,48.7,214,2,5.1,1,2.6,5.5,5.36,11.3,23.8,106.6,NA,"arkansas-state",2022
3,"Jaxon Dailey","QB",3,5,10,50,34,0,0,1,10,3.4,-1.1,6.8,11.3,58.6,NA,"arkansas-state",2022
1,"K.J. Jefferson","QB",11,204,300,68,2636,24,8,5,1.7,8.8,9.64,12.9,239.6,164.9,NA,"arkansas",2022
2,"Malik Hornsby","QB",8,13,27,48.1,268,1,3.7,2,7.4,9.9,7.33,20.6,33.5,128.9,NA,"arkansas",2022
3,"Cade Fortin","QB",3,14,29,48.3,135,1,3.4,0,0,4.7,5.34,9.6,45,98.8,NA,"arkansas",2022
1,"Cade Ballard","QB",10,20,46,43.5,363,2,4.3,2,4.3,7.9,6.8,18.2,36.3,115.4,NA,"army",2022
2,"Tyhier Tyler","QB",11,8,18,44.4,301,2,11.1,1,5.6,16.7,16.44,37.6,27.4,210.5,NA,"army",2022
3,"Jemel Jones","QB",8,13,38,34.2,250,1,2.6,1,2.6,6.6,5.92,19.2,31.3,92.9,NA,"army",2022
4,"Tyrell Robinson","RB",5,1,1,100,6,0,0,0,0,6,6,6,1.2,150.4,NA,"army",2022
5,"Bryson Daily","QB",4,0,1,0,0,0,0,0,0,0,0,NA,0,0,NA,"army",2022
1,"Robby Ashford","QB",12,123,250,49.2,1613,7,2.8,7,2.8,6.5,5.75,13.1,134.4,107,NA,"auburn",2022
2,"TJ Finley","QB",4,33,53,62.3,431,1,1.9,4,7.5,8.1,5.11,13.1,107.8,121.7,NA,"auburn",2022
3,"Jarquez Hunter","RB",12,1,1,100,20,1,100,0,0,20,40,20,1.7,598,NA,"auburn",2022
4,"Holden Geriner","QB",1,2,3,66.7,8,0,0,0,0,2.7,2.67,4,8,89.1,NA,"auburn",2022
5,"Koy Moore","WR",12,0,1,0,0,0,0,1,100,0,-45,NA,0,-200,NA,"auburn",2022
1,"John Paddock","QB",12,286,480,59.6,2719,18,3.8,14,2.9,5.7,5.1,9.5,226.6,113.7,NA,"ball-state",2022
2,"Kiael Kelly","QB",1,1,1,100,23,0,0,0,0,23,23,23,23,293.2,NA,"ball-state",2022
1,"Blake Shapen","QB",13,233,368,63.3,2790,18,4.9,10,2.7,7.6,7.34,12,214.6,137.7,NA,"baylor",2022
2,"Kyron Drones","QB",5,14,23,60.9,219,1,4.3,1,4.3,9.5,8.43,15.6,43.8,146.5,NA,"baylor",2022
3,"Jordan Nabors","WR",9,0,1,0,0,0,0,0,0,0,0,NA,0,0,NA,"baylor",2022
1,"Taylen Green","QB",13,166,271,61.3,2042,14,5.2,6,2.2,7.5,7.57,12.3,157.1,137.2,NA,"boise-state",2022
2,"Hank Bachmeier","QB",4,51,94,54.3,497,6,6.4,3,3.2,5.3,5.13,9.7,124.3,113.3,NA,"boise-state",2022
3,"Sam Vidlak","QB",3,9,14,64.3,86,0,0,0,0,6.1,6.14,9.6,28.7,115.9,NA,"boise-state",2022
4,"Maddux Madsen","QB",1,3,4,75,43,0,0,0,0,10.8,10.75,14.3,43,165.3,NA,"boise-state",2022
1,"Phil Jurkovec","QB",8,147,247,59.5,1711,11,4.5,8,3.2,6.9,6.36,11.6,213.9,125.9,NA,"boston-college",2022
2,"Emmett Morehead","QB",10,115,192,59.9,1254,10,5.2,6,3.1,6.5,6.17,10.9,125.4,125.7,NA,"boston-college",2022
1,"Matt McDonald","QB",12,231,378,61.1,2654,22,5.8,9,2.4,7,7.11,11.5,221.2,134.5,NA,"bowling-green-state",2022
2,"Camden Orth","QB",10,34,57,59.6,382,3,5.3,2,3.5,6.7,6.18,11.2,38.2,126.3,NA,"bowling-green-state",2022
3,"CJ Lewis","WR",12,1,2,50,15,0,0,0,0,7.5,7.5,15,1.3,113,NA,"bowling-green-state",2022
4,"Harold Fannin Jr.","TE",12,0,1,0,0,0,0,0,0,0,0,NA,0,0,NA,"bowling-green-state",2022
1,"Jaren Hall","QB",12,248,376,66,3171,31,8.2,6,1.6,8.4,9.36,12.8,264.3,160.8,NA,"brigham-young",2022
2,"Sol-Jay Maiava-Peters","QB",1,7,12,58.3,47,0,0,1,8.3,3.9,0.17,6.7,47,74.6,NA,"brigham-young",2022
3,"Chase Roberts","WR",11,1,1,100,22,1,100,0,0,22,42,22,2,614.8,NA,"brigham-young",2022
4,"Keanu Hill","WR",13,1,1,100,6,0,0,0,0,6,6,6,0.5,150.4,NA,"brigham-young",2022
5,"Jacob Conover","QB",3,0,1,0,0,0,0,0,0,0,0,NA,0,0,NA,"brigham-young",2022
1,"Cole Snyder","QB",13,271,461,58.8,3030,18,3.9,8,1.7,6.6,6.57,11.2,233.1,123.4,NA,"buffalo",2022
2,"Quian Williams","WR",13,1,1,100,15,0,0,0,0,15,15,15,1.2,226,NA,"buffalo",2022
3,"Ron Cook Jr.","RB",10,1,1,100,14,0,0,0,0,14,14,14,1.4,217.6,NA,"buffalo",2022
1,"Jack Plummer","QB",12,282,451,62.5,3119,21,4.7,9,2,6.9,6.95,11.1,259.9,132,NA,"california",2022
2,"Kai Millner","QB",3,9,15,60,121,2,13.3,0,0,8.1,10.73,13.4,40.3,171.8,NA,"california",2022
1,"John Rhys Plumlee","QB",13,218,346,63,2586,14,4,8,2.3,7.5,7.24,11.9,198.9,134.5,NA,"central-florida",2022
2,"Mikey Keene","QB",4,60,83,72.3,647,6,7.2,1,1.2,7.8,8.7,10.8,161.8,159.2,NA,"central-florida",2022
3,"Thomas Castellanos","QB",5,9,16,56.3,75,0,0,0,0,4.7,4.69,8.3,15,95.6,NA,"central-florida",2022
4,"R.J. Harvey","RB",13,2,2,100,65,1,50,0,0,32.5,42.5,32.5,5,538,NA,"central-florida",2022
5,"Isaiah Bowser","RB",14,2,2,100,4,1,50,0,0,2,12,2,0.3,281.8,NA,"central-florida",2022
6,"Ryan O'Keefe","WR",13,0,1,0,0,0,0,0,0,0,0,NA,0,0,NA,"central-florida",2022
1,"Daniel Richardson","QB",12,179,318,56.3,1988,15,4.7,5,1.6,6.3,6.49,11.1,165.7,121.2,NA,"central-michigan",2022
2,"Jase Bauer","QB",6,35,59,59.3,435,1,1.7,5,8.5,7.4,3.9,12.4,72.5,109.9,NA,"central-michigan",2022
3,"Bert Emanuel Jr.","QB",4,4,8,50,54,0,0,0,0,6.8,6.75,13.5,13.5,106.7,NA,"central-michigan",2022
4,"Luke Elzinga","P",12,1,1,100,20,0,0,0,0,20,20,20,1.7,268,NA,"central-michigan",2022
1,"Chris Reynolds","QB",10,201,316,63.6,2540,22,7,11,3.5,8,7.86,12.6,254,147.1,NA,"charlotte",2022
2,"Xavier Williams","QB",6,34,67,50.7,420,2,3,2,3,6.3,5.52,12.4,70,107.3,NA,"charlotte",2022
3,"James Foster","QB",6,12,28,42.9,170,2,7.1,1,3.6,6.1,5.89,14.2,28.3,110.3,NA,"charlotte",2022
4,"Trexler Ivey","QB",1,9,16,56.3,101,1,6.3,0,0,6.3,7.56,11.2,101,129.9,NA,"charlotte",2022
5,"Bailey Rice","P",12,1,1,100,21,0,0,0,0,21,21,21,1.8,276.4,NA,"charlotte",2022
6,"Grant Dubose","WR",12,0,1,0,0,0,0,0,0,0,0,NA,0,0,NA,"charlotte",2022
1,"Ben Bryant","QB",11,213,348,61.2,2731,21,6,7,2,7.8,8.15,12.8,248.3,143,NA,"cincinnati",2022
2,"Evan Prater","QB",9,35,66,53,423,1,1.5,1,1.5,6.4,6.03,12.1,47,108.8,NA,"cincinnati",2022
1,"D.J. Uiagalelei","QB",13,229,370,61.9,2521,22,5.9,7,1.9,6.8,7.15,11,193.9,135,NA,"clemson",2022
2,"Cade Klubnik","QB",10,61,100,61,697,2,2,3,3,7,6.02,11.4,69.7,120.1,NA,"clemson",2022
3,"Phil Mafah","RB",14,1,1,100,19,0,0,0,0,19,19,19,1.4,259.6,NA,"clemson",2022
4,"Hunter Johnson","QB",2,6,6,100,10,0,0,0,0,1.7,1.67,1.7,5,114,NA,"clemson",2022
5,"Antonio Williams","WR",14,1,1,100,6,0,0,0,0,6,6,6,0.4,150.4,NA,"clemson",2022
6,"Davis Allen","TE",14,0,1,0,0,0,0,0,0,0,0,NA,0,0,NA,"clemson",2022
1,"Grayson McCall","QB",11,207,297,69.7,2700,24,8.1,2,0.7,9.1,10.4,13,245.5,171.4,NA,"coastal-carolina",2022
2,"Jarrett Guest","QB",7,25,54,46.3,438,2,3.7,4,7.4,8.1,5.52,17.5,62.6,111.8,NA,"coastal-carolina",2022
3,"Bryce Carpenter","QB",12,4,6,66.7,53,1,16.7,0,0,8.8,12.17,13.3,4.4,195.9,NA,"coastal-carolina",2022
4,"Bryce Archie","QB",2,1,4,25,9,0,0,0,0,2.3,2.25,9,4.5,43.9,NA,"coastal-carolina",2022
1,"Clay Millen","QB",10,169,234,72.2,1910,10,4.3,6,2.6,8.2,7.86,11.3,191,149.8,NA,"colorado-state",2022
2,"Brayden Fowler-Nicolosi","QB",3,17,37,45.9,194,1,2.7,2,5.4,5.2,3.35,11.4,64.7,88.1,NA,"colorado-state",2022
3,"Giles Pooler","QB",2,11,32,34.4,144,0,0,1,3.1,4.5,3.09,13.1,72,65.9,NA,"colorado-state",2022
4,"Jackson Stratton","QB",4,4,17,23.5,78,1,5.9,2,11.8,4.6,0.47,19.5,19.5,58,NA,"colorado-state",2022
5,"Tory Horton","WR",12,2,2,100,35,0,0,0,0,17.5,17.5,17.5,2.9,247,NA,"colorado-state",2022
1,"JT Shrout","QB",9,90,203,44.3,1220,7,3.4,8,3.9,6,4.93,13.6,135.6,98.3,NA,"colorado",2022
2,"Owen McCown","QB",4,57,100,57,600,2,2,2,2,6,5.5,10.5,150,110,NA,"colorado",2022
3,"Maddox Kopp","QB",2,15,28,53.6,123,1,3.6,0,0,4.4,5.11,8.2,61.5,102.3,NA,"colorado",2022
4,"Brendon Lewis","QB",2,15,24,62.5,92,0,0,0,0,3.8,3.83,6.1,46,94.7,NA,"colorado",2022
5,"Jordyn Tyson","WR",9,1,1,100,37,0,0,0,0,37,37,37,4.1,410.8,NA,"colorado",2022
6,"Drew Carter","QB",3,1,4,25,3,0,0,0,0,0.8,0.75,3,1,31.3,NA,"colorado",2022
1,"Zion Turner","QB",13,149,258,57.8,1407,9,3.5,10,3.9,5.5,4.41,9.4,108.2,107.3,NA,"connecticut",2022
2,"Cale Millen","QB",12,6,15,40,31,1,6.7,0,0,2.1,3.4,5.2,2.6,79.4,NA,"connecticut",2022
3,"Ta'Quan Roberson","QB",1,1,2,50,10,0,0,0,0,5,5,10,10,92,NA,"connecticut",2022
4,"Devontae Houston","RB",10,1,1,100,7,0,0,0,0,7,7,7,0.7,158.8,NA,"connecticut",2022
1,"Riley Leonard","QB",13,250,392,63.8,2967,20,5.1,6,1.5,7.6,7.9,11.9,228.2,141.1,NA,"duke",2022
2,"Henry Belvin IV","QB",1,5,6,83.3,43,0,0,0,0,7.2,7.17,8.6,43,143.5,NA,"duke",2022
1,"Holton Ahlers","QB",13,315,469,67.2,3708,28,6,5,1.1,7.9,8.62,11.8,285.2,151.1,NA,"east-carolina",2022
2,"Mason Garcia","QB",3,7,12,58.3,54,0,0,0,0,4.5,4.5,7.7,18,96.1,NA,"east-carolina",2022
3,"C.J. Johnson","WR",13,1,1,100,14,0,0,0,0,14,14,14,1.1,217.6,NA,"east-carolina",2022
1,"Taylor Powell","QB",9,174,269,64.7,2111,16,5.9,8,3,7.8,7.7,12.1,234.6,144.3,NA,"eastern-michigan",2022
2,"Austin Smith","QB",9,68,119,57.1,774,6,5,4,3.4,6.5,6,11.4,86,121.7,NA,"eastern-michigan",2022
3,"Dylan Drummond","WR",10,1,1,100,23,0,0,0,0,23,23,23,2.3,293.2,NA,"eastern-michigan",2022
4,"Samson Evans","RB",12,1,1,100,3,1,100,0,0,3,23,3,0.3,455.2,NA,"eastern-michigan",2022
5,"Mitchell Tomasek","P",13,0,1,0,0,0,0,0,0,0,0,NA,0,0,NA,"eastern-michigan",2022
1,"N'Kosi Perry","QB",12,215,371,58,2712,25,6.7,5,1.3,7.3,8.05,12.6,226,138.9,NA,"florida-atlantic",2022
2,"Willie Taggart Jr.","QB",11,2,7,28.6,14,0,0,0,0,2,2,7,1.3,45.4,NA,"florida-atlantic",2022
1,"Grayson James","QB",11,210,358,58.7,1969,11,3.1,11,3.1,5.5,4.73,9.4,179,108.9,NA,"florida-international",2022
2,"Haden Carlson","QB",8,47,88,53.4,553,4,4.5,5,5.7,6.3,4.64,11.8,69.1,109.8,NA,"florida-international",2022
3,"Gunnar Holmberg","QB",3,14,20,70,103,1,5,0,0,5.2,6.15,7.4,34.3,129.8,NA,"florida-international",2022
1,"Jordan Travis","QB",13,226,353,64,3214,24,6.8,5,1.4,9.1,9.83,14.2,247.2,160.1,NA,"florida-state",2022
2,"Tate Rodemaker","QB",7,18,31,58.1,254,2,6.5,2,6.5,8.2,6.58,14.1,36.3,135.3,NA,"florida-state",2022
3,"AJ Duffy","QB",3,2,7,28.6,26,1,14.3,0,0,3.7,6.57,13,8.7,106.9,NA,"florida-state",2022
4,"Gino English","QB",1,2,2,100,16,0,0,0,0,8,8,8,16,167.2,NA,"florida-state",2022
5,"Wyatt Rector","TE",13,1,1,100,2,1,100,0,0,2,22,2,0.2,446.8,NA,"florida-state",2022
1,"Anthony Richardson","QB",12,176,327,53.8,2549,17,5.2,9,2.8,7.8,7.6,14.5,212.4,131,NA,"florida",2022
2,"Jalen Kitna","QB",4,10,14,71.4,181,1,7.1,0,0,12.9,14.36,18.1,45.3,203.6,NA,"florida",2022
3,"Jack Miller III","QB",1,13,22,59.1,180,0,0,0,0,8.2,8.18,13.8,180,127.8,NA,"florida",2022
4,"Montrell Johnson","RB",13,0,1,0,0,0,0,0,0,0,0,NA,0,0,NA,"florida",2022
1,"Jake Haener","QB",10,252,350,72,2896,20,5.7,3,0.9,8.3,9.03,11.5,289.6,158.6,NA,"fresno-state",2022
2,"Logan Fife","QB",11,84,120,70,892,2,1.7,6,5,7.4,5.52,10.6,81.1,127.9,NA,"fresno-state",2022
1,"Kyle Vantrease","QB",13,371,604,61.4,4253,27,4.5,16,2.6,7,6.74,11.5,327.2,130,NA,"georgia-southern",2022
2,"OJ Arnold","RB",13,1,2,50,32,1,50,0,0,16,26,32,2.5,349.4,NA,"georgia-southern",2022
3,"Dalen Cobb","WR",6,1,2,50,3,0,0,0,0,1.5,1.5,3,0.5,62.6,NA,"georgia-southern",2022
4,"Connor Cigelske","QB",2,1,3,33.3,1,0,0,0,0,0.3,0.33,1,0.5,36.1,NA,"georgia-southern",2022
1,"Darren Grainger","QB",12,174,297,58.6,2443,18,6.1,7,2.4,8.2,8.38,14,203.6,143,NA,"georgia-state",2022
1,"Jeff Sims","QB",7,110,188,58.5,1115,5,2.7,3,1.6,5.9,5.74,10.1,159.3,113.9,NA,"georgia-tech",2022
2,"Zach Gibson","QB",6,57,104,54.8,589,1,1,2,1.9,5.7,4.99,10.3,98.2,101.7,NA,"georgia-tech",2022
3,"Zach Pyron","QB",3,49,82,59.8,565,3,3.7,3,3.7,6.9,5.98,11.5,188.3,122.4,NA,"georgia-tech",2022
4,"Dontae Smith","RB",12,1,1,100,24,1,100,0,0,24,44,24,2,631.6,NA,"georgia-tech",2022
5,"Taisun Phommachanh","QB",2,2,5,40,13,0,0,1,20,2.6,-6.4,6.5,6.5,21.8,NA,"georgia-tech",2022
6,"Nate McCollum","WR",11,0,1,0,0,0,0,0,0,0,0,NA,0,0,NA,"georgia-tech",2022
1,"Stetson Bennett","QB",15,310,454,68.3,4128,27,5.9,7,1.5,9.1,9.59,13.3,275.2,161.2,"H-4","georgia",2022
2,"Carson Beck","QB",7,26,35,74.3,310,4,11.4,0,0,8.9,11.14,11.9,44.3,186.4,"","georgia",2022
3,"Brock Vandagriff","QB",3,0,2,0,0,0,0,0,0,0,0,NA,0,0,"","georgia",2022
1,"Brayden Schager","QB",12,221,400,55.3,2348,13,3.3,10,2.5,5.9,5.4,10.6,195.7,110.3,NA,"hawaii",2022
2,"Joey Yellen","QB",4,40,87,46,324,0,0,2,2.3,3.7,2.69,8.1,81,72.7,NA,"hawaii",2022
3,"Dior Scott","WR",10,0,1,0,0,0,0,0,0,0,0,NA,0,0,NA,"hawaii",2022
4,"Nasjzae Bryant","RB",10,0,1,0,0,0,0,0,0,0,0,NA,0,0,NA,"hawaii",2022
1,"Clayton Tune","QB",13,334,496,67.3,4074,40,8.1,10,2,8.2,8.92,12.2,313.4,158.9,NA,"houston",2022
2,"Lucas Coley","QB",3,3,3,100,8,0,0,0,0,2.7,2.67,2.7,2.7,122.4,NA,"houston",2022
1,"Tommy Devito","QB",13,257,369,69.6,2650,15,4.1,4,1.1,7.2,7.51,10.3,203.8,141.2,NA,"illinois",2022
2,"Artur Sitkowski","QB",3,18,25,72,103,0,0,1,4,4.1,2.32,5.7,34.3,98.6,NA,"illinois",2022
3,"Chase Brown","RB",12,0,1,0,0,0,0,0,0,0,0,NA,0,0,NA,"illinois",2022
1,"Connor Bazelak","QB",10,235,426,55.2,2312,13,3.1,10,2.3,5.4,4.98,9.8,231.2,106.1,NA,"indiana",2022
2,"Dexter Williams II","QB",4,13,38,34.2,184,2,5.3,2,5.3,4.8,3.53,14.2,46,81.7,NA,"indiana",2022
3,"Jack Tuttle","QB",1,9,12,75,82,1,8.3,0,0,6.8,8.5,9.1,82,159.9,NA,"indiana",2022
4,"Donaven McCulley","WR",12,1,1,100,23,0,0,0,0,23,23,23,1.9,293.2,NA,"indiana",2022
5,"Brendan Sorsby","QB",1,3,6,50,8,0,0,1,16.7,1.3,-6.17,2.7,8,27.9,NA,"indiana",2022
1,"Hunter Dekkers","QB",12,302,457,66.1,3044,19,4.2,14,3.1,6.7,6.11,10.1,253.7,129.6,NA,"iowa-state",2022
2,"Rocco Becht","QB",3,7,15,46.7,65,0,0,1,6.7,4.3,1.33,9.3,21.7,69.7,NA,"iowa-state",2022
3,"Ashton Cook","QB",1,4,4,100,32,0,0,0,0,8,8,8,32,167.2,NA,"iowa-state",2022
4,"Jaylin Noel","WR",12,0,1,0,0,0,0,0,0,0,0,NA,0,0,NA,"iowa-state",2022
5,"Xavier Hutchinson","WR",12,0,1,0,0,0,0,0,0,0,0,NA,0,0,NA,"iowa-state",2022
1,"Spencer Petras","QB",12,157,281,55.9,1725,5,1.8,5,1.8,6.1,5.69,11,143.8,109.8,NA,"iowa",2022
2,"Alex Padilla","QB",2,21,43,48.8,173,1,2.3,2,4.7,4,2.4,8.2,86.5,81,NA,"iowa",2022
3,"Joey Labas","QB",1,14,24,58.3,139,1,4.2,0,0,5.8,6.63,9.9,139,120.7,NA,"iowa",2022
1,"Todd Centeio","QB",10,181,284,63.7,2697,25,8.8,5,1.8,9.5,10.46,14.9,269.7,169,NA,"james-madison",2022
2,"Billy Atkins","QB",5,19,43,44.2,212,2,4.7,5,11.6,4.9,0.63,11.2,42.4,77.7,NA,"james-madison",2022
3,"Alonza Barnett III","QB",2,1,1,100,14,0,0,0,0,14,14,14,7,217.6,NA,"james-madison",2022
1,"Will Howard","QB",7,119,199,59.8,1633,15,7.5,4,2,8.2,8.81,13.7,233.3,149.6,NA,"kansas-state",2022
2,"Adrian Martinez","QB",10,118,184,64.1,1261,6,3.3,1,0.5,6.9,7.26,10.7,126.1,131.4,NA,"kansas-state",2022
3,"Jake Rubley","QB",4,4,5,80,42,0,0,1,20,8.4,-0.6,10.5,10.5,110.6,NA,"kansas-state",2022
4,"Malik Knowles","WR",14,1,1,100,11,0,0,0,0,11,11,11,0.8,192.4,NA,"kansas-state",2022
1,"Jalon Daniels","QB",9,152,230,66.1,2014,18,7.8,4,1.7,8.8,9.54,13.3,223.8,162,NA,"kansas",2022
2,"Jason Bean","QB",12,87,136,64,1280,14,10.3,4,2.9,9.4,10.15,14.7,106.7,171.1,NA,"kansas",2022
3,"Ethan Vasko","QB",1,3,5,60,13,0,0,0,0,2.6,2.6,4.3,13,81.8,NA,"kansas",2022
1,"Collin Schlee","QB",11,157,266,59,2109,13,4.9,5,1.9,7.9,8.06,13.4,191.7,138,NA,"kent-state",2022
2,"Devin Kargman","QB",6,29,70,41.4,348,3,4.3,3,4.3,5,3.9,12,58,88.8,NA,"kent-state",2022
3,"Tommy Ulatowski","QB",2,6,11,54.5,102,1,9.1,0,0,9.3,11.09,17,51,162.4,NA,"kent-state",2022
4,"Josh Smith","P",12,1,1,100,14,0,0,0,0,14,14,14,1.2,217.6,NA,"kent-state",2022
5,"Marquez Cooper","RB",12,1,1,100,9,0,0,0,0,9,9,9,0.8,175.6,NA,"kent-state",2022
1,"Will Levis","QB",11,185,283,65.4,2406,19,6.7,10,3.5,8.5,8.25,13,218.7,151.9,NA,"kentucky",2022
2,"Kaiya Sheron","QB",4,17,29,58.6,187,2,6.9,1,3.4,6.4,6.28,11,46.8,128.6,NA,"kentucky",2022
3,"Destin Wade","QB",1,16,30,53.3,98,0,0,2,6.7,3.3,0.27,6.1,98,67.4,NA,"kentucky",2022
4,"Deuce Hogan","QB",3,6,7,85.7,19,0,0,0,0,2.7,2.71,3.2,6.3,108.5,NA,"kentucky",2022
1,"Johnathan Bennett","QB",12,131,224,58.5,1534,12,5.4,9,4,6.8,6.11,11.7,127.8,125.7,NA,"liberty",2022
2,"Kaidon Salter","QB",8,87,149,58.4,1088,8,5.4,5,3.4,7.3,6.87,12.5,136,130.7,NA,"liberty",2022
3,"Nate Hampton","QB",5,3,8,37.5,76,0,0,0,0,9.5,9.5,25.3,15.2,117.3,NA,"liberty",2022
4,"CJ Daniels","WR",4,1,1,100,67,1,100,0,0,67,87,67,16.8,992.8,NA,"liberty",2022
5,"Charlie Brewer","QB",3,8,13,61.5,52,0,0,1,7.7,4,0.54,6.5,17.3,79.8,NA,"liberty",2022
1,"Ben Wooldridge","QB",10,138,244,56.6,1661,15,6.1,5,2,6.8,7.11,12,166.1,129.9,NA,"louisiana-lafayette",2022
2,"Chandler Fields","QB",8,106,182,58.2,1123,11,6,4,2.2,6.2,6.39,10.6,140.4,125.6,NA,"louisiana-lafayette",2022
3,"Zeon Chriss","QB",4,9,15,60,109,1,6.7,1,6.7,7.3,5.6,12.1,27.3,129.7,NA,"louisiana-lafayette",2022
4,"Lance Legendre","WR",9,0,1,0,0,0,0,0,0,0,0,NA,0,0,NA,"louisiana-lafayette",2022
1,"Chandler Rogers","QB",12,216,320,67.5,2403,15,4.7,7,2.2,7.5,7.46,11.1,200.3,141.7,NA,"louisiana-monroe",2022
2,"Garrett Hable","QB",3,4,8,50,58,0,0,0,0,7.3,7.25,14.5,19.3,110.9,NA,"louisiana-monroe",2022
3,"Will Derrick","WR",9,1,1,100,3,1,100,0,0,3,23,3,0.3,455.2,NA,"louisiana-monroe",2022
1,"Jayden Daniels","QB",14,266,388,68.6,2913,17,4.4,3,0.8,7.5,8.04,11,208.1,144.5,NA,"louisiana-state",2022
2,"Garrett Nussmeier","QB",7,52,84,61.9,800,5,6,4,4.8,9.5,8.57,15.4,114.3,152,NA,"louisiana-state",2022
3,"Malik Nabers","WR",14,2,2,100,50,1,50,0,0,25,35,25,3.6,475,NA,"louisiana-state",2022
4,"Walker Howard","QB",2,2,4,50,7,0,0,0,0,1.8,1.75,3.5,3.5,64.7,NA,"louisiana-state",2022
1,"Parker McNeil","QB",8,123,214,57.5,1908,18,8.4,8,3.7,8.9,8.92,15.5,238.5,152.7,NA,"louisiana-tech",2022
2,"Landry Lyddy","QB",7,82,126,65.1,767,3,2.4,4,3.2,6.1,5.13,9.4,109.6,117.7,NA,"louisiana-tech",2022
3,"Matthew Downing","QB",4,33,62,53.2,356,3,4.8,4,6.5,5.7,3.81,10.8,89,104.5,NA,"louisiana-tech",2022
4,"Jack Turner","QB",3,16,29,55.2,176,1,3.4,2,6.9,6.1,3.66,11,58.7,103.7,NA,"louisiana-tech",2022
5,"Austin McCready","K",10,0,2,0,0,0,0,0,0,0,0,NA,0,0,NA,"louisiana-tech",2022
6,"Tre Harris","WR",12,0,1,0,0,0,0,1,100,0,-45,NA,0,-200,NA,"louisiana-tech",2022
1,"Malik Cunningham","QB",10,136,218,62.4,1568,8,3.7,5,2.3,7.2,6.89,11.5,156.8,130.3,NA,"louisville",2022
2,"Brock Domann","QB",10,79,144,54.9,998,4,2.8,6,4.2,6.9,5.61,12.6,99.8,113.9,NA,"louisville",2022
3,"Braden Smith","WR",13,3,6,50,106,1,16.7,1,16.7,17.7,13.5,35.3,8.2,220.1,NA,"louisville",2022
1,"Cam Fancher","QB",13,131,235,55.7,1558,10,4.3,6,2.6,6.6,6.33,11.9,119.8,120.4,NA,"marshall",2022
2,"Henry Colombi","QB",7,94,128,73.4,938,6,4.7,4,3.1,7.3,6.86,10,134,144.2,NA,"marshall",2022
3,"Peter Zamora","QB",1,0,1,0,0,0,0,0,0,0,0,NA,0,0,NA,"marshall",2022
1,"Taulia Tagovailoa","QB",12,262,391,67,3008,18,4.6,8,2,7.7,7.69,11.5,250.7,142.7,NA,"maryland",2022
2,"Billy Edwards Jr.","QB",7,28,46,60.9,313,3,6.5,0,0,6.8,8.11,11.2,44.7,139.5,NA,"maryland",2022
3,"Eric Najarian","QB",3,4,9,44.4,62,0,0,0,0,6.9,6.89,15.5,20.7,102.3,NA,"maryland",2022
1,"Brady Olson","QB",9,77,153,50.3,791,2,1.3,8,5.2,5.2,3.08,10.3,87.9,87.6,NA,"massachusetts",2022
2,"Garrett Dzuro","QB",5,22,36,61.1,311,1,2.8,0,0,8.6,9.19,14.1,62.2,142.8,NA,"massachusetts",2022
3,"Gino Campiotti","QB",10,33,74,44.6,257,1,1.4,6,8.1,3.5,0.09,7.8,25.7,62,NA,"massachusetts",2022
4,"Zamar Wise","QB",3,4,12,33.3,44,0,0,0,0,3.7,3.67,11,14.7,64.1,NA,"massachusetts",2022
5,"George Johnson","WR",12,0,1,0,0,0,0,0,0,0,0,NA,0,0,NA,"massachusetts",2022
6,"Isaac Ross","WR",10,0,1,0,0,0,0,0,0,0,0,NA,0,0,NA,"massachusetts",2022
1,"Seth Henigan","QB",13,285,445,64,3559,22,4.9,8,1.8,8,8.18,12.5,273.8,143.9,NA,"memphis",2022
2,"Gabriel Rogers","WR",13,1,3,33.3,41,1,33.3,0,0,13.7,20.33,41,3.2,258.1,NA,"memphis",2022
3,"Ryan Glover","QB",4,4,5,80,29,0,0,0,0,5.8,5.8,7.3,7.3,128.7,NA,"memphis",2022
1,"Tyler Van Dyke","QB",9,160,253,63.2,1835,10,4,5,2,7.3,7.15,11.5,203.9,133.3,NA,"miami-fl",2022
2,"Jake Garcia","QB",8,68,115,59.1,803,5,4.3,4,3.5,7,6.29,11.8,100.4,125.2,NA,"miami-fl",2022
3,"Jacurri Brown","QB",8,27,45,60,230,3,6.7,3,6.7,5.1,3.44,8.5,28.8,111.6,NA,"miami-fl",2022
1,"Aveon Smith","QB",10,108,217,49.8,1299,11,5.1,5,2.3,6,5.96,12,129.9,112.2,NA,"miami-oh",2022
2,"Brett Gabbert","QB",4,74,115,64.3,816,4,3.5,0,0,7.1,7.79,11,204,135.4,NA,"miami-oh",2022
3,"Henry Hesson","QB",2,2,5,40,37,0,0,0,0,7.4,7.4,18.5,18.5,102.2,NA,"miami-oh",2022
1,"Payton Thorne","QB",12,242,387,62.5,2679,19,4.9,11,2.8,6.9,6.63,11.1,223.3,131.2,"","michigan-state",2022
2,"Noah Kim","QB",5,14,19,73.7,174,3,15.8,0,0,9.2,12.32,12.4,34.8,202.7,"","michigan-state",2022
3,"Jayden Reed","WR",11,1,1,100,25,1,100,0,0,25,45,25,2.3,640,"","michigan-state",2022
4,"Katin Houser","QB",2,1,2,50,2,0,0,0,0,1,1,2,1,58.4,"","michigan-state",2022
5,"Bryce Baringer","P",12,0,1,0,0,0,0,1,100,0,-45,NA,0,-200,"AA","michigan-state",2022
1,"J.J. McCarthy","QB",14,208,322,64.6,2719,22,6.8,5,1.6,8.4,9.11,13.1,194.2,155,NA,"michigan",2022
2,"Cade McNamara","QB",3,14,25,56,180,1,4,1,4,7.2,6.2,12.9,60,121.7,NA,"michigan",2022
3,"Davis Warren","QB",5,5,9,55.6,89,0,0,0,0,9.9,9.89,17.8,17.8,138.6,NA,"michigan",2022
4,"Alan Bowman","QB",4,6,7,85.7,60,1,14.3,0,0,8.6,11.43,10,15,204.9,NA,"michigan",2022
5,"Kalel Mullings","LB",12,1,1,100,15,0,0,0,0,15,15,15,1.3,226,NA,"michigan",2022
6,"Brandon Mann","QB",1,1,1,100,7,0,0,0,0,7,7,7,7,158.8,NA,"michigan",2022
7,"Alex Orji","QB",3,1,1,100,5,0,0,0,0,5,5,5,1.7,142,NA,"michigan",2022
8,"Andy Maddox","QB",1,1,1,100,4,0,0,0,0,4,4,4,4,133.6,NA,"michigan",2022
9,"Ronnie Bell","WR",14,0,1,0,0,0,0,0,0,0,0,NA,0,0,NA,"michigan",2022
10,"Donovan Edwards","RB",11,1,1,100,-1,0,0,0,0,-1,-1,-1,-0.1,91.6,NA,"michigan",2022
1,"Chase Cunningham","QB",12,309,463,66.7,3156,21,4.5,10,2.2,6.8,6.75,10.2,263,134.6,NA,"middle-tennessee-state",2022
2,"Nicholas Vattiato","QB",2,30,46,65.2,293,0,0,1,2.2,6.4,5.39,9.8,146.5,114.4,NA,"middle-tennessee-state",2022
3,"Preston Rice","QB",3,1,1,100,-3,0,0,0,0,-3,-3,-3,-1,74.8,NA,"middle-tennessee-state",2022
4,"Stone Frost","QB",1,1,1,100,-4,0,0,0,0,-4,-4,-4,-4,66.4,NA,"middle-tennessee-state",2022
1,"Tanner Morgan","QB",9,107,160,66.9,1382,9,5.6,5,3.1,8.6,8.36,12.9,153.6,151.7,NA,"minnesota",2022
2,"Athan Kaliakmanis","QB",11,60,111,54.1,946,3,2.7,4,3.6,8.5,7.44,15.8,86,127.4,NA,"minnesota",2022
3,"Cole Kramer","QB",8,5,8,62.5,41,0,0,0,0,5.1,5.13,8.2,5.1,105.6,NA,"minnesota",2022
1,"Will Rogers","QB",13,415,610,68,3974,35,5.7,8,1.3,6.5,7.07,9.6,305.7,139.1,NA,"mississippi-state",2022
2,"Chance Lovertich","QB",1,6,6,100,36,1,16.7,0,0,6,9.33,6,36,205.4,NA,"mississippi-state",2022
3,"Sawyer Robertson","QB",5,6,11,54.5,23,0,0,1,9.1,2.1,-2,3.8,4.6,53.9,NA,"mississippi-state",2022
4,"Jaden Walley","WR",13,1,1,100,13,0,0,0,0,13,13,13,1,209.2,NA,"mississippi-state",2022
1,"Jaxson Dart","QB",13,226,362,62.4,2974,20,5.5,11,3,8.2,7.95,13.2,228.8,143.6,NA,"mississippi",2022
2,"Luke Altmyer","QB",4,8,17,47.1,125,2,11.8,1,5.9,7.4,7.06,15.6,31.3,135.9,NA,"mississippi",2022
3,"Kinkead Dent","QB",13,3,5,60,7,0,0,0,0,1.4,1.4,2.3,0.5,71.8,NA,"mississippi",2022
4,"Quinshon Judkins","RB",13,1,1,100,7,0,0,0,0,7,7,7,0.5,158.8,NA,"mississippi",2022
5,"Jordan Watkins","WR",13,1,1,100,4,0,0,0,0,4,4,4,0.3,133.6,NA,"mississippi",2022
6,"Dayton Wade","WR",13,0,1,0,0,0,0,0,0,0,0,NA,0,0,NA,"mississippi",2022
1,"Brady Cook","QB",13,248,383,64.8,2739,14,3.7,7,1.8,7.2,7.06,11,210.7,133.2,NA,"missouri",2022
2,"Jack Abraham","QB",5,3,8,37.5,44,0,0,2,25,5.5,-5.75,14.7,8.8,33.7,NA,"missouri",2022
3,"Sam Horn","QB",1,0,2,0,0,0,0,0,0,0,0,NA,0,0,NA,"missouri",2022
1,"Tai Lavatai","QB",8,42,91,46.2,785,5,5.5,3,3.3,8.6,8.24,18.7,98.1,130.2,NA,"navy",2022
2,"Maasai Maynor","QB",3,7,14,50,132,1,7.1,0,0,9.4,10.86,18.9,44,152.8,NA,"navy",2022
3,"Xavier Arline","QB",9,4,11,36.4,85,2,18.2,1,9.1,7.7,7.27,21.3,9.4,143.1,NA,"navy",2022
4,"Kai Puailoa-Rojas","RB",12,1,2,50,26,1,50,1,50,13,0.5,26,2.2,224.2,NA,"navy",2022
5,"Maquel Haywood","RB",12,0,1,0,0,0,0,1,100,0,-45,NA,0,-200,NA,"navy",2022
1,"Casey Thompson","QB",10,173,274,63.1,2407,17,6.2,10,3.6,8.8,8.38,13.9,240.7,150.1,NA,"nebraska",2022
2,"Chubba Purdy","QB",6,22,48,45.8,147,0,0,3,6.3,3.1,0.25,6.7,24.5,59.1,NA,"nebraska",2022
3,"Logan Smothers","QB",5,10,18,55.6,96,0,0,0,0,5.3,5.33,9.6,19.2,100.4,NA,"nebraska",2022
1,"Doug Brumfield","QB",10,164,254,64.6,1898,10,3.9,5,2,7.5,7.37,11.6,189.8,136.4,NA,"nevada-las-vegas",2022
2,"Cameron Friel","QB",4,33,49,67.3,364,3,6.1,1,2,7.4,7.73,11,91,145.9,NA,"nevada-las-vegas",2022
3,"Harrison Bailey","QB",6,30,58,51.7,318,2,3.4,1,1.7,5.5,5.4,10.6,53,105.7,NA,"nevada-las-vegas",2022
1,"Nate Cox","QB",12,133,251,53,1466,5,2,5,2,5.8,5.34,11,122.2,104.6,NA,"nevada",2022
2,"Shane Illingworth","QB",6,84,145,57.9,761,2,1.4,3,2.1,5.2,4.59,9.1,126.8,102.4,NA,"nevada",2022
3,"Toa Taua","RB",12,0,1,0,0,0,0,0,0,0,0,NA,0,0,NA,"nevada",2022
1,"Diego Pavia","QB",12,101,190,53.2,1450,13,6.8,6,3.2,7.6,7.58,14.4,120.8,133.5,NA,"new-mexico-state",2022
2,"Gavin Frakes","QB",11,55,110,50,736,4,3.6,7,6.4,6.7,4.55,13.4,66.9,105.5,NA,"new-mexico-state",2022
3,"Weston Eget","QB",5,3,4,75,13,1,25,0,0,3.3,8.25,4.3,2.6,184.8,NA,"new-mexico-state",2022
1,"Miles Kendrick","QB",8,84,143,58.7,863,3,2.1,7,4.9,6,4.25,10.3,107.9,106.6,NA,"new-mexico",2022
2,"Justin Holaday","QB",5,26,59,44.1,222,0,0,1,1.7,3.8,3,8.5,44.4,72.3,NA,"new-mexico",2022
3,"CJ Montes","QB",4,27,51,52.9,174,0,0,1,2,3.4,2.53,6.4,43.5,77.7,NA,"new-mexico",2022
4,"Trae Hall","WR",10,0,1,0,0,0,0,0,0,0,0,NA,0,0,NA,"new-mexico",2022
1,"Devin Leary","QB",6,118,193,61.1,1265,11,5.7,4,2.1,6.6,6.76,10.7,210.8,130.9,NA,"north-carolina-state",2022
2,"Ben Finley","QB",3,65,123,52.8,741,3,2.4,3,2.4,6,5.41,11.4,247,106.6,NA,"north-carolina-state",2022
3,"MJ Morris","QB",5,52,86,60.5,648,7,8.1,1,1.2,7.5,8.64,12.5,129.6,148.3,NA,"north-carolina-state",2022
4,"Jack Chambers","QB",9,32,64,50,252,1,1.6,0,0,3.9,4.25,7.9,28,88.2,NA,"north-carolina-state",2022
5,"Thayer Thomas","WR",13,2,2,100,33,1,50,0,0,16.5,26.5,16.5,2.5,403.6,NA,"north-carolina-state",2022
6,"Demarcus Jones","RB",13,0,1,0,0,0,0,0,0,0,0,NA,0,0,NA,"north-carolina-state",2022
1,"Drake Maye","QB",14,342,517,66.2,4321,38,7.4,7,1.4,8.4,9.22,12.6,308.6,157.9,"H-10","north-carolina",2022
2,"Jacolby Criswell","QB",4,2,6,33.3,9,0,0,0,0,1.5,1.5,4.5,2.3,45.9,"","north-carolina",2022
3,"Kobe Paysour","WR",12,0,1,0,0,0,0,0,0,0,0,NA,0,0,"","north-carolina",2022
1,"Austin Aune","QB",14,232,411,56.4,3547,33,8,15,3.6,8.6,8.59,15.3,253.4,148.1,NA,"north-texas",2022
2,"Grant Gunnell","QB",2,4,9,44.4,75,0,0,1,11.1,8.3,3.33,18.8,37.5,92.2,NA,"north-texas",2022
3,"Stone Earle","QB",4,5,8,62.5,45,1,12.5,0,0,5.6,8.13,9,11.3,151,NA,"north-texas",2022
4,"Damon Ward","WR",14,0,1,0,0,0,0,0,0,0,0,NA,0,0,NA,"north-texas",2022
5,"Kaylon Horton","WR",13,0,1,0,0,0,0,0,0,0,0,NA,0,0,NA,"north-texas",2022
1,"Ethan Hampton","QB",4,72,122,59,798,7,5.7,6,4.9,6.5,5.48,11.1,199.5,123.1,NA,"northern-illinois",2022
2,"Rocky Lombardi","QB",4,50,75,66.7,645,5,6.7,1,1.3,8.6,9.33,12.9,161.3,158.2,NA,"northern-illinois",2022
3,"Nevan Cremascoli","QB",4,49,102,48,600,5,4.9,7,6.9,5.9,3.77,12.2,150,99.9,NA,"northern-illinois",2022
4,"Justin Lynch","QB",9,13,28,46.4,146,0,0,0,0,5.2,5.21,11.2,16.2,90.2,NA,"northern-illinois",2022
5,"Shermar Thornton","WR",10,1,1,100,3,1,100,0,0,3,23,3,0.3,455.2,NA,"northern-illinois",2022
1,"Ryan Hilinski","QB",8,144,258,55.8,1644,6,2.3,7,2.7,6.4,5.62,11.4,205.5,111.6,NA,"northwestern",2022
2,"Brendan Sullivan","QB",5,71,96,74,589,4,4.2,3,3.1,6.1,5.56,8.3,117.8,133,NA,"northwestern",2022
3,"Cole Freeman","QB",3,22,45,48.9,178,0,0,5,11.1,4,-1.04,8.1,59.3,59.9,NA,"northwestern",2022
4,"Jack Lausch","QB",1,4,8,50,68,0,0,1,12.5,8.5,2.88,17,68,96.4,NA,"northwestern",2022
5,"Carl Richardson","QB",2,3,9,33.3,39,0,0,1,11.1,4.3,-0.67,13,19.5,47.5,NA,"northwestern",2022
6,"Malik Washington","WR",12,1,1,100,6,0,0,0,0,6,6,6,0.5,150.4,NA,"northwestern",2022
1,"Drew Pyne","QB",11,164,254,64.6,2021,22,8.7,6,2.4,8,8.63,12.3,183.7,155.3,NA,"notre-dame",2022
2,"Tyler Buchner","QB",3,46,83,55.4,651,3,3.6,5,6,7.8,5.86,14.2,217,121.2,NA,"notre-dame",2022
3,"Davis Sherwood","TE",13,1,1,100,20,0,0,0,0,20,20,20,1.5,268,NA,"notre-dame",2022
1,"C.J. Stroud","QB",13,258,389,66.3,3688,41,10.5,6,1.5,9.5,10.89,14.3,283.7,177.7,"H-3","ohio-state",2022
2,"Kyle McCord","QB",7,16,20,80,190,1,5,0,0,9.5,10.5,11.9,27.1,176.3,"","ohio-state",2022
1,"Kurtis Rourke","QB",11,244,353,69.1,3257,25,7.1,4,1.1,9.2,10.13,13.3,296.1,167.7,NA,"ohio",2022
2,"CJ Harris","QB",7,52,97,53.6,577,3,3.1,1,1,5.9,6.1,11.1,82.4,111.7,NA,"ohio",2022
3,"Parker Navarro","QB",2,5,12,41.7,43,0,0,0,0,3.6,3.58,8.6,21.5,71.8,NA,"ohio",2022
4,"Jacoby Jones","WR",14,1,2,50,17,0,0,0,0,8.5,8.5,17,1.2,121.4,NA,"ohio",2022
1,"Spencer Sanders","QB",10,212,368,57.6,2642,17,4.6,9,2.4,7.2,7,12.5,264.2,128.3,NA,"oklahoma-state",2022
2,"Garret Rangel","QB",4,59,115,51.3,711,4,3.5,5,4.3,6.2,4.92,12.1,177.8,106,NA,"oklahoma-state",2022
3,"Gunnar Gundy","QB",4,19,39,48.7,247,3,7.7,4,10.3,6.3,3.26,13,61.8,106.8,NA,"oklahoma-state",2022
4,"John Paul Richardson","WR",13,1,1,100,32,0,0,0,0,32,32,32,2.5,368.8,NA,"oklahoma-state",2022
5,"Jaden Nixon","RB",13,1,1,100,2,0,0,0,0,2,2,2,0.2,116.8,NA,"oklahoma-state",2022
1,"Dillon Gabriel","QB",12,230,367,62.7,3168,25,6.8,6,1.6,8.6,9.26,13.8,264,154.4,NA,"oklahoma",2022
2,"Davis Beville","QB",5,15,30,50,102,0,0,1,3.3,3.4,1.9,6.8,20.4,71.9,NA,"oklahoma",2022
3,"Brayden Willis","TE",13,1,1,100,24,1,100,0,0,24,44,24,1.8,631.6,NA,"oklahoma",2022
4,"Drake Stoops","WR",13,1,1,100,13,0,0,0,0,13,13,13,1,209.2,NA,"oklahoma",2022
5,"Michael Turk","P",13,2,3,66.7,5,1,33.3,0,0,1.7,8.33,2.5,0.4,190.7,NA,"oklahoma",2022
6,"Eric Gray","RB",12,1,2,50,0,0,0,1,50,0,-22.5,0,0,-50,NA,"oklahoma",2022
7,"Nick Evers","QB",1,0,1,0,0,0,0,0,0,0,0,NA,0,0,NA,"oklahoma",2022
8,"Marcus Major","RB",9,1,1,100,-2,0,0,0,0,-2,-2,-2,-0.2,83.2,NA,"oklahoma",2022
1,"Hayden Wolff","QB",12,234,413,56.7,2908,18,4.4,6,1.5,7,7.26,12.4,242.3,127.3,NA,"old-dominion",2022
2,"Brendon Clark","QB",2,2,4,50,37,0,0,1,25,9.3,-2,18.5,18.5,77.7,NA,"old-dominion",2022
3,"D.J. Mack Jr.","QB",5,1,3,33.3,21,1,33.3,0,0,7,13.67,21,4.2,202.1,NA,"old-dominion",2022
1,"Ben Gulbranson","QB",10,121,194,62.4,1455,9,4.6,5,2.6,7.5,7.27,12,145.5,135.5,NA,"oregon-state",2022
2,"Chance Nolan","QB",5,66,111,59.5,939,7,6.3,8,7.2,8.5,6.48,14.2,187.8,136.9,NA,"oregon-state",2022
3,"Tristan Gebbia","QB",4,10,11,90.9,79,0,0,0,0,7.2,7.18,7.9,19.8,151.2,NA,"oregon-state",2022
4,"Jack Colletto","LB",12,2,2,100,53,0,0,0,0,26.5,26.5,26.5,4.4,322.6,NA,"oregon-state",2022
5,"John Dunmore","WR",13,1,1,100,41,0,0,0,0,41,41,41,3.2,444.4,NA,"oregon-state",2022
6,"Tyjon Lindsey","WR",13,1,2,50,27,0,0,0,0,13.5,13.5,27,2.1,163.4,NA,"oregon-state",2022
7,"Jamious Griffin","RB",12,0,1,0,0,0,0,0,0,0,0,NA,0,0,NA,"oregon-state",2022
1,"Bo Nix","QB",13,294,409,71.9,3593,29,7.1,7,1.7,8.8,9.43,12.2,276.4,165.7,NA,"oregon",2022
2,"Ty Thompson","QB",7,11,20,55,72,0,0,2,10,3.6,-0.9,6.5,10.3,65.2,NA,"oregon",2022
3,"Bucky Irving","RB",13,2,2,100,36,1,50,0,0,18,28,18,2.8,416.2,NA,"oregon",2022
4,"Jay Butterfield","QB",1,1,1,100,1,0,0,0,0,1,1,1,1,108.4,NA,"oregon",2022
1,"Sean Clifford","QB",13,226,351,64.4,2822,24,6.8,7,2,8,8.51,12.5,217.1,150.5,NA,"penn-state",2022
2,"Drew Allar","QB",10,35,60,58.3,344,4,6.7,0,0,5.7,7.07,9.8,34.4,128.5,NA,"penn-state",2022
3,"Keandre Lambert-Smith","WR",13,2,2,100,73,1,50,0,0,36.5,46.5,36.5,5.6,571.6,NA,"penn-state",2022
4,"Christian Veilleux","QB",3,7,9,77.8,44,0,0,0,0,4.9,4.89,6.3,14.7,118.8,NA,"penn-state",2022
1,"Kedon Slovis","QB",11,184,315,58.4,2397,10,3.2,9,2.9,7.6,6.96,13,217.9,127.1,NA,"pittsburgh",2022
2,"Nick Patti","QB",3,29,61,47.5,304,2,3.3,1,1.6,5,4.9,10.5,101.3,96.9,NA,"pittsburgh",2022
3,"Nate Yarnell","QB",2,10,14,71.4,195,1,7.1,0,0,13.9,15.36,19.5,97.5,212,NA,"pittsburgh",2022
4,"Jared Wayne","WR",12,0,1,0,0,0,0,1,100,0,-45,NA,0,-200,NA,"pittsburgh",2022
1,"Aidan O'Connell","QB",12,320,499,64.1,3490,22,4.4,13,2.6,7,6.7,10.9,290.8,132.2,NA,"purdue",2022
2,"Austin Burton","QB",6,36,56,64.3,273,3,5.4,2,3.6,4.9,4.34,7.6,45.5,115.8,NA,"purdue",2022
3,"Michael Alaimo","QB",3,9,18,50,74,1,5.6,1,5.6,4.1,2.72,8.2,24.7,91.8,NA,"purdue",2022
4,"Jack Albers","QB",14,2,6,33.3,32,0,0,1,16.7,5.3,-2.17,16,2.3,44.8,NA,"purdue",2022
5,"Abdur-Rahmaan Yaseen","WR",8,1,1,100,26,0,0,0,0,26,26,26,3.3,318.4,NA,"purdue",2022
6,"Brady Allen","QB",1,1,3,33.3,8,0,0,0,0,2.7,2.67,8,8,55.7,NA,"purdue",2022
1,"TJ Mcmahon","QB",10,160,266,60.2,2102,18,6.8,14,5.3,7.9,6.89,13.1,210.2,138.3,NA,"rice",2022
2,"AJ Padgett","QB",3,39,77,50.6,634,5,6.5,1,1.3,8.2,8.95,16.3,211.3,138.6,NA,"rice",2022
3,"Shawqi Itraish","QB",5,22,41,53.7,197,0,0,4,9.8,4.8,0.41,9,39.4,74.5,NA,"rice",2022
4,"Wiley Green","QB",2,12,18,66.7,95,0,0,1,5.6,5.3,2.78,7.9,47.5,99.9,NA,"rice",2022
1,"Evan Simon","QB",9,79,137,57.7,777,4,2.9,6,4.4,5.7,4.28,9.8,86.3,106.2,NA,"rutgers",2022
2,"Gavin Wimsatt","QB",8,65,145,44.8,757,5,3.4,7,4.8,5.2,3.74,11.6,94.6,90.4,NA,"rutgers",2022
3,"Noah Vedral","QB",4,21,46,45.7,264,1,2.2,1,2.2,5.7,5.2,12.6,66,96.7,NA,"rutgers",2022
4,"Johnny Langan","TE",12,2,3,66.7,43,1,33.3,0,0,14.3,21,21.5,3.6,297.1,NA,"rutgers",2022
5,"Aron Cruickshank","WR",12,1,1,100,6,0,0,0,0,6,6,6,0.5,150.4,NA,"rutgers",2022
1,"Jalen Mayden","QB",13,141,237,59.5,2030,12,5.1,10,4.2,8.6,7.68,14.4,156.2,139.7,NA,"san-diego-state",2022
2,"Braxton Burmeister","QB",9,36,72,50,263,2,2.8,3,4.2,3.7,2.33,7.3,29.2,81.5,NA,"san-diego-state",2022
3,"Kyle Crum","QB",3,5,17,29.4,53,1,5.9,1,5.9,3.1,1.65,10.6,17.7,63.2,NA,"san-diego-state",2022
4,"Will Haskell","QB",3,3,7,42.9,12,0,0,0,0,1.7,1.71,4,4,57.3,NA,"san-diego-state",2022
5,"Lui Aumavae","QB",2,1,8,12.5,2,0,0,0,0,0.3,0.25,2,1,14.6,NA,"san-diego-state",2022
6,"Jordan Byrd","RB",13,0,1,0,0,0,0,0,0,0,0,NA,0,0,NA,"san-diego-state",2022
1,"Chevan Cordeiro","QB",12,259,427,60.7,3251,23,5.4,6,1.4,7.6,8.06,12.6,270.9,139.6,NA,"san-jose-state",2022
2,"Elijah Cooks","WR",12,1,2,50,19,0,0,1,50,9.5,-13,19,1.6,29.8,NA,"san-jose-state",2022
3,"Walker Eget","QB",3,0,1,0,0,0,0,0,0,0,0,NA,0,0,NA,"san-jose-state",2022
1,"Carter Bradley","QB",13,275,425,64.7,3335,28,6.6,12,2.8,7.8,7.89,12.1,256.5,146.7,NA,"south-alabama",2022
2,"Desmond Trotter","QB",5,15,20,75,144,0,0,0,0,7.2,7.2,9.6,28.8,135.5,NA,"south-alabama",2022
1,"Spencer Rattler","QB",13,264,399,66.2,3026,18,4.5,12,3,7.6,7.13,11.5,232.8,138.7,NA,"south-carolina",2022
2,"Luke Doty","QB",5,10,14,71.4,146,2,14.3,2,14.3,10.4,6.86,14.6,29.2,177.6,NA,"south-carolina",2022
3,"Kai Kroeger","P",13,4,4,100,107,2,50,0,0,26.8,36.75,26.8,8.2,489.7,NA,"south-carolina",2022
4,"Dakereon Joyner","RB",13,3,3,100,101,1,33.3,0,0,33.7,40.33,33.7,7.8,492.8,NA,"south-carolina",2022
1,"Gerry Bohanon","QB",7,91,160,56.9,1070,6,3.8,6,3.8,6.7,5.75,11.8,152.9,117.9,NA,"south-florida",2022
2,"Katravis Marsh","QB",6,58,113,51.3,827,7,6.2,2,1.8,7.3,7.76,14.3,137.8,129.7,NA,"south-florida",2022
3,"Byrum Brown","QB",4,36,50,72,404,5,10,1,2,8.1,9.18,11.2,101,168.9,NA,"south-florida",2022
4,"Michel Dukes","RB",11,3,3,100,14,0,0,0,0,4.7,4.67,4.7,1.3,139.2,NA,"south-florida",2022
1,"Caleb Williams","QB",14,333,500,66.6,4537,42,8.4,5,1,9.1,10.3,13.6,324.1,168.5,"H-1,Maxwell,AA,Camp","southern-california",2022
2,"Miller Moss","QB",5,12,14,85.7,159,1,7.1,0,0,11.4,12.79,13.3,31.8,204.7,"","southern-california",2022
1,"Tanner Mordecai","QB",12,288,443,65,3524,33,7.4,10,2.3,8,8.43,12.2,293.7,151.9,NA,"southern-methodist",2022
2,"Preston Stone","QB",6,28,48,58.3,388,2,4.2,1,2.1,8.1,7.98,13.9,64.7,135.8,NA,"southern-methodist",2022
3,"Kevin Jennings","QB",4,17,22,77.3,205,1,4.5,0,0,9.3,10.23,12.1,51.3,170.5,NA,"southern-methodist",2022
1,"Zach Wilcke","QB",8,101,176,57.4,1163,9,5.1,9,5.1,6.6,5.33,11.5,145.4,119.5,NA,"southern-mississippi",2022
2,"Trey Lowe III","QB",7,62,119,52.1,965,5,4.2,2,1.7,8.1,8.19,15.6,137.9,130.7,NA,"southern-mississippi",2022
3,"Ty Keyes","QB",3,10,17,58.8,281,3,17.6,2,11.8,16.5,14.76,28.1,93.7,232.4,NA,"southern-mississippi",2022
4,"Frank Gore Jr.","RB",13,7,14,50,179,3,21.4,0,0,12.8,17.07,25.6,13.8,228.1,NA,"southern-mississippi",2022
5,"Jake Lange","QB",12,11,21,52.4,110,0,0,1,4.8,5.2,3.1,10,9.2,86.9,NA,"southern-mississippi",2022
1,"Tanner McKee","QB",12,264,426,62,2947,13,3.1,8,1.9,6.9,6.68,11.2,245.6,126.4,NA,"stanford",2022
2,"Ari Patu","QB",4,6,9,66.7,65,2,22.2,0,0,7.2,11.67,10.8,16.3,200.7,NA,"stanford",2022
3,"Ashton Daniels","QB",10,5,6,83.3,39,0,0,0,0,6.5,6.5,7.8,3.9,137.9,NA,"stanford",2022
1,"Garrett Shrader","QB",12,205,317,64.7,2640,17,5.4,7,2.2,8.3,8.41,12.9,220,147.9,NA,"syracuse",2022
2,"Carlos Del Rio-Wilson","QB",7,22,51,43.1,342,1,2,2,3.9,6.7,5.33,15.5,48.9,98.1,NA,"syracuse",2022
3,"LeQuint Allen","RB",13,1,2,50,33,1,50,0,0,16.5,26.5,33,2.5,353.6,NA,"syracuse",2022
1,"E.J. Warner","QB",11,268,443,60.5,3028,18,4.1,12,2.7,6.8,6.43,11.3,275.3,125.9,NA,"temple",2022
2,"D'Wan Mathis","WR",9,14,30,46.7,125,0,0,0,0,4.2,4.17,8.9,13.9,81.7,NA,"temple",2022
3,"Quincy Patterson","QB",6,6,11,54.5,64,0,0,0,0,5.8,5.82,10.7,10.7,103.4,NA,"temple",2022
1,"Hendon Hooker","QB",11,229,329,69.6,3135,27,8.2,2,0.6,9.5,10.9,13.7,285,175.5,"H-5","tennessee",2022
2,"Joe Milton","QB",9,53,82,64.6,971,10,12.2,0,0,11.8,14.28,18.3,107.9,204.3,"","tennessee",2022
3,"Princeton Fant","TE",13,1,1,100,66,1,100,0,0,66,86,66,5.1,984.4,"","tennessee",2022
4,"Tayven Jackson","QB",3,3,4,75,37,0,0,0,0,9.3,9.25,12.3,12.3,152.7,"","tennessee",2022
5,"Gaston Moore","QB",3,4,5,80,30,0,0,1,20,6,-3,7.5,10,90.4,"","tennessee",2022
1,"Haynes King","QB",6,104,187,55.6,1220,7,3.7,6,3.2,6.5,5.83,11.7,203.3,116.4,NA,"texas-am",2022
2,"Conner Weigman","QB",5,73,132,55.3,896,8,6.1,0,0,6.8,8,12.3,179.2,132.3,NA,"texas-am",2022
3,"Max Johnson","QB",4,43,71,60.6,517,3,4.2,0,0,7.3,8.13,12,129.3,135.7,NA,"texas-am",2022
1,"Max Duggan","QB",15,267,419,63.7,3698,32,7.6,8,1.9,8.8,9.49,13.9,246.5,159.2,"H-2","texas-christian",2022
2,"Chandler Morris","QB",4,18,27,66.7,145,1,3.7,0,0,5.4,6.11,8.1,36.3,124,"","texas-christian",2022
3,"Sam Jackson","QB",5,5,5,100,63,0,0,0,0,12.6,12.6,12.6,12.6,205.8,"","texas-christian",2022
4,"Taye Barber","WR",15,1,1,100,18,0,0,0,0,18,18,18,1.2,251.2,"","texas-christian",2022
5,"Josh Hoover","QB",1,1,1,100,2,0,0,0,0,2,2,2,2,116.8,"","texas-christian",2022
1,"Gavin Hardison","QB",10,164,315,52.1,2044,11,3.5,8,2.5,6.5,6.04,12.5,204.4,113,NA,"texas-el-paso",2022
2,"Calvin Brownholtz","QB",10,37,63,58.7,512,4,6.3,4,6.3,8.1,6.54,13.8,51.2,135.3,NA,"texas-el-paso",2022
3,"Tyrin Smith","WR",12,1,1,100,56,0,0,0,0,56,56,56,4.7,570.4,NA,"texas-el-paso",2022
1,"Frank Harris","QB",14,328,471,69.6,4063,32,6.8,9,1.9,8.6,9.13,12.4,290.2,160.7,NA,"texas-san-antonio",2022
2,"Eddie Lee Marburger","QB",6,10,25,40,100,1,4,0,0,4,4.8,10,16.7,86.8,NA,"texas-san-antonio",2022
3,"Brenden Brady","RB",12,1,1,100,35,1,100,0,0,35,55,35,2.9,724,NA,"texas-san-antonio",2022
4,"Joshua Cephus","WR",13,2,2,100,12,0,0,0,0,6,6,6,0.9,150.4,NA,"texas-san-antonio",2022
5,"Cam Peters","QB",2,0,1,0,0,0,0,0,0,0,0,NA,0,0,NA,"texas-san-antonio",2022
6,"Zakhari Franklin","WR",14,0,1,0,0,0,0,0,0,0,0,NA,0,0,NA,"texas-san-antonio",2022
1,"Layne Hatcher","QB",12,275,442,62.2,2653,19,4.3,10,2.3,6,5.84,9.6,221.1,122.3,NA,"texas-state",2022
2,"Rontavious Groves","WR",10,0,1,0,0,0,0,0,0,0,0,NA,0,0,NA,"texas-state",2022
1,"Donovan Smith","QB",12,146,221,66.1,1505,12,5.4,8,3.6,6.8,6.27,10.3,125.4,133.9,NA,"texas-tech",2022
2,"Tyler Shough","QB",7,106,177,59.9,1304,7,4,4,2.3,7.4,7.14,12.3,186.3,130.3,NA,"texas-tech",2022
3,"Behren Morton","QB",9,96,169,56.8,1117,7,4.1,6,3.6,6.6,5.84,11.6,124.1,118.9,NA,"texas-tech",2022
4,"Myles Price","WR",11,0,1,0,0,0,0,0,0,0,0,NA,0,0,NA,"texas-tech",2022
1,"Quinn Ewers","QB",10,172,296,58.1,2177,15,5.1,6,2,7.4,7.46,12.7,217.7,132.6,NA,"texas",2022
2,"Hudson Card","QB",12,75,108,69.4,928,6,5.6,1,0.9,8.6,9.29,12.4,77.3,158.1,NA,"texas",2022
3,"Xavier Worthy","WR",13,1,1,100,33,1,100,0,0,33,53,33,2.5,707.2,NA,"texas",2022
1,"DeQuan Finn","QB",12,189,316,59.8,2269,23,7.3,12,3.8,7.2,6.93,12,189.1,136.5,NA,"toledo",2022
2,"Tucker Gleason","QB",9,58,122,47.5,884,8,6.6,3,2.5,7.2,7.45,15.2,98.2,125.1,NA,"toledo",2022
1,"Gunnar Watson","QB",13,206,335,61.5,2818,14,4.2,12,3.6,8.4,7.64,13.7,216.8,138.8,NA,"troy",2022
2,"Jarret Doege","QB",7,44,64,68.8,575,5,7.8,3,4.7,9,8.44,13.1,82.1,160.6,NA,"troy",2022
3,"Tez Johnson","WR",13,1,2,50,7,1,50,0,0,3.5,13.5,7,0.5,244.4,NA,"troy",2022
1,"Michael Pratt","QB",13,215,338,63.6,3009,27,8,5,1.5,8.9,9.83,14,231.5,161.8,NA,"tulane",2022
2,"Kai Horton","QB",4,13,23,56.5,165,3,13,0,0,7.2,9.78,12.7,41.3,159.8,NA,"tulane",2022
3,"Justin Ibieta","QB",4,13,16,81.3,138,0,0,0,0,8.6,8.63,10.6,34.5,153.7,NA,"tulane",2022
1,"Davis Brin","QB",9,148,250,59.2,2138,17,6.8,8,3.2,8.6,8.47,14.4,237.6,147.1,NA,"tulsa",2022
2,"Braylon Braxton","QB",9,92,163,56.4,1133,10,6.1,2,1.2,7,7.63,12.3,125.9,132.6,NA,"tulsa",2022
3,"Roman Fuller","QB",1,1,1,100,7,0,0,0,0,7,7,7,7,158.8,NA,"tulsa",2022
1,"Dorian Thompson-Robinson","QB",13,266,382,69.6,3169,27,7.1,10,2.6,8.3,8.53,11.9,243.8,157.4,NA,"ucla",2022
2,"Ethan Garbers","QB",6,26,37,70.3,294,2,5.4,2,5.4,7.9,6.59,11.3,49,144,NA,"ucla",2022
3,"Chase Griffin","QB",2,0,1,0,0,0,0,0,0,0,0,NA,0,0,NA,"ucla",2022
1,"Cooper Legas","QB",10,135,221,61.1,1499,11,5,10,4.5,6.8,5.74,11.1,149.9,125.4,NA,"utah-state",2022
2,"Logan Bonner","QB",4,62,110,56.4,753,6,5.5,8,7.3,6.8,4.66,12.1,188.3,117.3,NA,"utah-state",2022
3,"Bishop Davenport","QB",3,27,44,61.4,245,1,2.3,2,4.5,5.6,3.98,9.1,81.7,106.5,NA,"utah-state",2022
4,"Levi Williams","QB",6,5,17,29.4,28,0,0,1,5.9,1.6,-1,5.6,4.7,31.5,NA,"utah-state",2022
5,"Stephen Kotsanlee","P",13,1,1,100,12,0,0,0,0,12,12,12,0.9,200.8,NA,"utah-state",2022
6,"Brian Cobbs","WR",13,0,2,0,0,0,0,0,0,0,0,NA,0,0,NA,"utah-state",2022
7,"Terrell Vaughn","WR",13,0,2,0,0,0,0,0,0,0,0,NA,0,0,NA,"utah-state",2022
1,"Cameron Rising","QB",13,249,385,64.7,3034,26,6.8,8,2.1,7.9,8.3,12.2,233.4,149,NA,"utah",2022
2,"Bryson Barnes","QB",10,37,57,64.9,430,4,7,2,3.5,7.5,7.37,11.6,43,144.4,NA,"utah",2022
3,"Nate Johnson","QB",4,1,1,100,16,1,100,0,0,16,36,16,4,564.4,NA,"utah",2022
4,"Devaughn Vele","WR",14,1,1,100,9,0,0,0,0,9,9,9,0.6,175.6,NA,"utah",2022
1,"AJ Swann","QB",9,115,198,58.1,1274,10,5.1,2,1,6.4,6.99,11.1,141.6,126.8,NA,"vanderbilt",2022
2,"Mike Wright","QB",10,85,148,57.4,974,12,8.1,4,2.7,6.6,6.99,11.5,97.4,134.1,NA,"vanderbilt",2022
1,"Grant Wells","QB",11,196,332,59,2171,9,2.7,9,2.7,6.5,5.86,11.1,197.4,117.5,NA,"virginia-tech",2022
2,"Jason Brown","QB",3,7,13,53.8,65,0,0,0,0,5,5,9.3,21.7,95.8,NA,"virginia-tech",2022
3,"Chance Black","RB",11,0,1,0,0,0,0,0,0,0,0,NA,0,0,NA,"virginia-tech",2022
1,"Brennan Armstrong","QB",10,185,338,54.7,2210,7,2.1,12,3.6,6.5,5.36,11.9,221,109.4,NA,"virginia",2022
2,"Jay Woolfolk","QB",4,0,2,0,0,0,0,0,0,0,0,NA,0,0,NA,"virginia",2022
3,"Keytaon Thompson","WR",8,0,1,0,0,0,0,0,0,0,0,NA,0,0,NA,"virginia",2022
1,"Sam Hartman","QB",12,270,428,63.1,3701,38,8.9,12,2.8,8.6,9.16,13.7,308.4,159.4,NA,"wake-forest",2022
2,"Mitch Griffis","QB",6,29,41,70.7,348,5,12.2,1,2.4,8.5,9.83,12,58,177.4,NA,"wake-forest",2022
3,"Michael Kern","QB",2,3,4,75,6,0,0,0,0,1.5,1.5,2,3,87.6,NA,"wake-forest",2022
1,"Cameron Ward","QB",13,320,497,64.4,3232,23,4.6,9,1.8,6.5,6.61,10.1,248.6,130.7,NA,"washington-state",2022
2,"Nick Haberer","P",13,1,1,100,36,0,0,0,0,36,36,36,2.8,402.4,NA,"washington-state",2022
3,"John Mateer","QB",1,2,2,100,32,1,50,0,0,16,26,16,32,399.4,NA,"washington-state",2022
1,"Michael Penix Jr.","QB",13,362,554,65.3,4641,31,5.6,8,1.4,8.4,8.85,12.8,357,151.3,"H-8","washington",2022
2,"Dylan Morris","QB",7,9,16,56.3,142,1,6.3,1,6.3,8.9,7.31,15.8,20.3,138.9,"","washington",2022
3,"Sam Huard","QB",1,2,2,100,24,0,0,0,0,12,12,12,24,200.8,"","washington",2022
1,"JT Daniels","QB",10,200,327,61.2,2107,13,4,9,2.8,6.4,6,10.5,210.7,122.9,NA,"west-virginia",2022
2,"Garrett Greene","QB",9,43,78,55.1,493,5,6.4,3,3.8,6.3,5.87,11.5,54.8,121.7,NA,"west-virginia",2022
3,"Nicco Marchiol","QB",2,4,13,30.8,61,1,7.7,0,0,4.7,6.23,15.3,30.5,95.6,NA,"west-virginia",2022
4,"Will Crowder","QB",2,6,6,100,57,1,16.7,0,0,9.5,12.83,9.5,28.5,234.8,NA,"west-virginia",2022
5,"Sam James","WR",12,1,1,100,12,0,0,0,0,12,12,12,1,200.8,NA,"west-virginia",2022
1,"Austin Reed","QB",14,389,603,64.5,4746,40,6.6,11,1.8,7.9,8.38,12.2,339,148.9,NA,"western-kentucky",2022
2,"Darius Ocean","QB",5,7,12,58.3,135,2,16.7,1,8.3,11.3,10.83,19.3,27,191.2,NA,"western-kentucky",2022
3,"Caden Veltkamp","QB",1,4,4,100,25,0,0,0,0,6.3,6.25,6.3,25,152.5,NA,"western-kentucky",2022
4,"Dalvin Smith","WR",14,1,2,50,25,1,50,0,0,12.5,22.5,25,1.8,320,NA,"western-kentucky",2022
1,"Jack Salopek","QB",7,104,212,49.1,1285,7,3.3,11,5.2,6.1,4.39,12.4,183.6,100.5,NA,"western-michigan",2022
2,"Treyson Bourguet","QB",4,54,109,49.5,601,2,1.8,1,0.9,5.5,5.47,11.1,150.3,100.1,NA,"western-michigan",2022
3,"Mareyohn Hrabowski","QB",6,4,8,50,56,0,0,0,0,7,7,14,9.3,108.8,NA,"western-michigan",2022
4,"Anthony Sambucci","WR",11,1,1,100,31,1,100,0,0,31,51,31,2.8,690.4,NA,"western-michigan",2022
5,"Stone Hollenbach","QB",1,4,5,80,15,0,0,1,20,3,-6,3.8,15,65.2,NA,"western-michigan",2022
1,"Graham Mertz","QB",12,164,286,57.3,2136,19,6.6,10,3.5,7.5,7.22,13,178,135,NA,"wisconsin",2022
2,"Chase Wolf","QB",3,18,32,56.3,137,1,3.1,1,3.1,4.3,3.5,7.6,45.7,96.3,NA,"wisconsin",2022
3,"Myles Burkett","QB",2,4,5,80,84,0,0,0,0,16.8,16.8,21,42,221.1,NA,"wisconsin",2022
4,"Braelon Allen","RB",12,2,3,66.7,33,1,33.3,0,0,11,17.67,16.5,2.8,269.1,NA,"wisconsin",2022
1,"Andrew Peasley","QB",12,144,275,52.4,1574,10,3.6,9,3.3,5.7,4.98,10.9,131.2,105.9,NA,"wyoming",2022
2,"Jayden Clemons","QB",5,12,29,41.4,145,1,3.4,3,10.3,5,1.03,12.1,29,74.1,NA,"wyoming",2022
